Name,Disaster,Begin Date,End Date,CPI-Adjusted Cost,Unadjusted Cost,Deaths,Summary
Central and Eastern Winter Storm (January 2018),Winter Storm,20180103,20180105,1324.6,1043,22,"A Nor'easter caused damage across many Northeastern states including MA, NJ, NY, CT, ME, NH, PA, MD, RI, SC, TN, VA, NC and GA."
Northeast Winter Storm (March 2018),Winter Storm,20180301,20180303,2764.5,2194,9,"Powerful Nor'easter impacted many Northeastern states including MD, MA, NH, NJ, NY, PA, CT, DE, RA and VA. Widespread damage resulted from the combination of high winds, heavy snow and heavy coastal erosion."
Southeastern Tornadoes and Severe Weather (March 2018),Severe Storm,20180318,20180321,1829.5,1452,0,"""A potent severe storm system caused over 20 tornadoes across Alabama and also widespread hail damage from Texas to Florida. Most notably this system produced an EF-3 tornado that caused extensive damage in Jacksonville  Alabama and across the campus of Jacksonville State University."""
Southern and Eastern Tornadoes and Severe Weather (April 2018),Severe Storm,20180413,20180416,1660.7,1318,3,"""Tornadoes and severe storms with large hail cause widespread damage across many Southern and Eastern states (AR  FL  GA  LA  MD  MI  MS  MO  NJ  NY  NC  PA  SC  TX  VA) over a multi-day period. There were over 70 confirmed tornadoes largely clustered in Louisiana  Mississippi  North Carolina and Virginia. This same system also caused winter storm impacts of high wind and ice accumulation in northeastern states."""
Central and Northeast Severe Weather (May 2018),Severe Storm,20180501,20180504,1751.3,1390,0,"""Numerous central states (KS  NE  OK  TX  NM  MO  IA  IL  IN  OH  WI) were impacted by large hail and tornadoes. Several northeastern states including NY  PA and VT were also impacted by high wind damage from severe storms."""
Central and Eastern Severe Weather (May 2018),Severe Storm,20180513,20180515,1726.2,1370,5,"""	Severe storm damage across many Central states including TX  KS  CO  OK  MO  IL  IN  IA and OH. This was followed by a derecho event across the Northeastern states of MD  NJ  NY  PA  VA  WV  MA and CT that caused widespread high wind damage. Also  there were one dozen tornadoes reported across PA  NY and CT causing further damage."""
Texas Hail Storm (June 2018),Severe Storm,20180606,20180606,1625,1300,0,"""Large-hail impacts highly-populated area of the Dallas-Ft. Worth metroplex. Golfball to baseball-sized hail damages many homes  vehicles and businesses."""
Colorado Hail Storm (June 2018),Severe Storm,20180613,20180613,1193.8,955,0,"""	Hailstorms in Colorado Springs and Pueblo  Colorado cause severe damage to many homes  businesses and vehicles."""
Colorado Hail Storm (June 2018),Severe Storm,20180618,20180619,2778.8,2223,0,"Severe hail storms cause golf ball to baseball-sized hail and widespread damage in many areas from northern Denver to Boulder and Fort Collins. Many homes, businesses and vehicles were impacted. Utah also experienced moderate hail damage."
Central and Eastern Tornadoes and Severe Weather (July 2018),Severe Storm,20180719,20180722,1981.6,1585,0,"At least 41 tornadoes and high wind damage from thunderstorms impact numerous Central and Eastern states (MO, IA, IL, IN, KS, KY, AL, AR, GA, TN, NC, SC, VA, MD, PA) over a multi-day event. The tornado damage was most severe across Iowa."
Mountain West Severe Weather (July 2018),Severe Storm,20180726,20180729,1063.8,851,0,"Severe weather including hail, high winds and 19 tornadoes impacted Montana, Wyoming and Colorado. These impacts caused damage to homes, businesses, vehicles and other infrastructure."
Rockies and Plains Hail Storms (August 2018),Severe Storm,20180806,20180807,1281.4,1025,0,"Severe hail impacts from baseball to softball size impacted several states including Colorado, Nebraska and Wyoming. The most costly impacts occurred in numerous locations of eastern Colorado."
Hurricane Florence (September 2018),Tropical Cyclone,20180913,20180916,30000,24000,53,"Hurricane Florence was a large and very slow moving hurricane that produced extreme rainfall across eastern North Carolina (up to 35.93) and South Carolina (up to 23.81), as prodigious amounts of rainfall were common in many locations. Florence made landfall as a category 1, at Wrightsville Beach, NC with damaging storm surge up to 10 feet and wind gusts reported over 100 mph. However, the majority of the damage caused by Florence was due to the rainfall inland, which caused many rivers to surpass previous record flood heights. U.S. Marine base Camp Lejeune in North Carolina suffered extensive damage that will cost billions to repair. The total damage from Florence in North Carolina is more than the cost experienced during Hurricane Matthew (2016) and Hurricane Floyd (1999) combined."
Hurricane Michael (October 2018),Tropical Cyclone,20181010,20181011,30969,24975,49,"Powerful category 5 hurricane made landfall at Mexico Beach, Florida with devastating winds of 160 mph and storm surge in excess of 15 feet. Mexico Beach was nearly destroyed, while Panama City suffered extensive damage. Florida's Tyndall Air Force Base also suffered a direct strike from Michael's most intense eye wall winds causing billions in damage costs. Michael's intense winds also reached well inland causing billions in damage costs to agriculture and forestry, as high winds hit during harvest season for numerous crops across several states. Michael is the third category 4 or higher storm to make landfall in the U.S. since 2017. Michael is the first category 5 to strike the U.S. mainland since Hurricane Andrew in 1992 and is only the fourth on record. The others are the Labor Day Hurricane (1935) and Hurricane Camille (1969). Michael was initially rated as a category 4 with 155 winds but upgraded to a category 5 with 160 mph winds upon further analysis."
Southwest/Southern Plains Drought (Summer-Fall 2018),Drought,20180601,20181230,3797.4,2990,0,"Drought conditions were present across numerous Southwestern and Plains states (TX, OK, KS, MO, CO, NM, AZ, UT). The most extreme drought conditions continue to persist across the Four Corners region of the Southwest. The agriculture sector has been impacted across the affected states including damage to field crops from lack of rainfall. Ranchers have also be forced to sell-off livestock early in some regions due to high feeding costs."
"Western Wildfires, California Firestorm (Summer-Fall 2018)",Wildfire,20180601,20181231,30000,24000,106,"In 2018, California has experienced its costliest, deadliest and largest wildfires to date, with records back to 1933. The Camp Fire is the costliest and deadliest wildfire - destroying more than 18,500 buildings. California also endured its largest wildfire on record - the Medincino Complex Fire - burning over 450,000 acres. Additionally, California was impacted by other destructive wildfires: the Carr Fire in Northern California and the Woolsey Fire in Southern California. The total 2018 wildfire costs in California (with minor costs in other Western states) approach $24.0 ($30.0) billion - a new U.S. record. In total, over 8.7 million acres has burned across the U.S. during 2018, which is well above the 10-year average (2009-2018) of 6.8 million acres. The last 2 years of U.S. wildfire damage has been unprecedented in damage, with losses exceeding $40.0 ($50.0) billion."
"Southeast, Ohio Valley and Northeast Severe Weather (February 2019)",Severe Storm,20190223,20190225,1534.3,1237.5,2,"Tornadoes, severe weather and flooding in the south (MS, AL, TN) and high-wind damage across many Ohio Valley (IL, IN, OH) and Northeastern states (CT, MD, MA, NJ, NY, PA, VA, WV). This storm system produced heavy rain that caused major flooding along parts of the Ohio, Mississippi and Tennessee rivers."
Texas Hail Storm (March 2019),Severe Storm,20190322,20190324,1903.4,1535,0,"Texas hail storm over the Dallas metroplex damaged many homes, businesses and vehicles. Oklahoma also received hail damage resulting from the same severe weather system."
Missouri River and North Central Flooding (March 2019),Flooding,20190314,20190331,13408.9,10727,3,"Historic Midwest flooding inundated millions of acres of agriculture, numerous cities and towns, and caused widespread damage to roads, bridges, levees, and dams. The states most affected were Nebraska, Iowa, Missouri, South Dakota, Minnesota, North Dakota, Wisconsin and Michigan. This flood was triggered by a powerful storm with heavy precipitation that intensified snow melt and flooding. Of note, the Offutt Air Force Base in Nebraska was also severely flooded - the third U.S. military base to be damaged by a billion-dollar disaster event over a 6-month period (Sept 2018-Feb 2019). This historic flooding was one of the costliest U.S. inland flooding events on record."
Southern and Eastern Tornadoes and Severe Weather (April 2019),Severe Storm,20190413,20190414,1540,1252,7,"Tornado outbreak and severe storms impacted many states (TX, LA, MS, AL, GA, NC, OH and PA). More than 50 tornadoes occurred across central Mississippi and Alabama causing damage to vehicles, homes and businesses. More than 25 additional tornadoes also caused damage across several eastern states from Georgia to Pennsylvania. These severe storms also delivered damaging hail and high wind damage that was widespread across many Southern and and Eastern states."
South and Southeast Severe Weather (May 2019),Severe Storm,20190507,20190513,1862.4,1514,0,"Persistent severe storms impacted numerous states from Texas to North Carolina (TX, OK, KS, AR, LA, MS, AL, NC). Tornadoes and damaging hail particularly affected Texas, Louisiana and North Carolina focused across the Raleigh metro region."
Central Severe Weather (May 2019),Severe Storm,20190516,20190518,1196.9,973,0,"Central severe storms across the Illinois, Indiana, Iowa and Texas damaged many homes, businesses and vehicles."
"Rockies, Central and Northeast Tornadoes and Severe Weather (May 2019)",Severe Storm,20190526,20190529,5655.6,4598,3,"A four-day tornado outbreak impacts many states across the Rockies, Central and Northeast (CO, WY, NE, KS, OK, MO, IA, IL, IN, OH, PA and NJ). This outbreak produced 190 tornadoes in addition to hundreds of reports of damaging hail and straight-line thunderstorm winds. Of particular note was an EF-4 tornado that produced heavy damage near the city of Dayton, Ohio on May 27."
Arkansas River Flooding (June 2019),Flooding,20190520,20190614,3720.8,3025,5,"Historic flooding impacts the Arkansas River Basin with damage to homes, agriculture, roads, bridges and levees focused across eastern Oklahoma and western Arkansas. Thousands of homes, cars and businesses were flooded due a combination of high rivers, levee failure and persistently heavy rainfall from May 20 through June."
Colorado Hail Storms (July 2019),Severe Storm,20190704,20190705,1239.8,1008,0,Colorado hail storms across the Denver and Fort Collins that damaged many homes and vehicles.
"Mississippi River, Midwest and Southern Flooding (July 2019)",Flooding,20190315,20190731,7649.6,6169,4,"Additional major flooding impacted many Southern Plains states significantly affecting agriculture, roads, bridges, levees, dams and other assets across many cities and towns. The states most affected were Oklahoma, Nebraska, Missouri, Illinois, Kansas, Arkansas, Kentucky, Tennessee, Texas, Mississippi and Louisiana. Very high water levels also disrupted barge traffic along the Mississippi River, which negatively impacted a variety of dependent industries. Indiana and Ohio were also affected by persistent heavy rainfall that flooded farmland, which prevented and reduced crop planting by millions of acres."
Hurricane Dorian (September 2019),Tropical Cyclone,20190828,20190906,1980.3,1610,10,"Category 1 hurricane makes landfall on the Outer Banks of North Carolina, after devastating the northern Bahama Islands as a historically-powerful and slow-moving hurricane. Dorian tracked offshore parallel to the Florida, Georgia and South Carolina coastline before making a North Carolina landfall, bringing a destructive sound-side surge that inundated many coastal properties and isolated residents who did not evacuate. Significant flood, severe storm, and tornado damage to many homes and businesses occurred on the Outer Banks of North Carolina. Dorian's intensification to a category 5 storm marks the fourth consecutive year, in which a maximum category 5 storm developed in the Atlantic basin - a new record. Dorian also tied the record for maximum sustained wind speed for a landfalling hurricane (185 mph) in the Atlantic, a record shared with the historic 1935 Labor Day Hurricane."
Tropical Storm Imelda (September 2019),Tropical Cyclone,20190917,20190921,6150,5000,5,"Tropical storm and its remnants cause 24 to 36 inches of rainfall over a 3-day period across a large area between Houston and Beaumont, Texas. The largest storm total, 43.39 inches, was reported at North Fork Taylors Bayou, Texas. Many thousands of homes, cars and businesses were impacted by flood water due to this extraordinarily heavy rainfall. Imelda is yet another of the historically extreme rainfall and flood events that have become a regular occurrence across Southeast Texas over the last 5 years."
Texas Tornadoes and Central Severe Weather (October 2019),Severe Storm,20191020,20191020,2095.9,1718,2,"Numerous tornadoes caused widespread damage across northern Dallas damaging thousands of homes, vehicles, businesses and other public infrastructure. Tornadoes up to EF-3 intensity with maximum winds of 140 mph tracked across a large section of highly developed northern Dallas. Additionally high winds and hail damage also caused damage in other states including Oklahoma, Missouri, Arkansas, Louisiana and Tennessee."
California and Alaska Wildfires (Summer-Fall 2019),Wildfire,20190601,20191130,5535,4500,3,"California experienced a damaging wildfire season in 2019, largely resulting from the Kincade and Saddle Ridge wildfires. In addition, a key California electrical utility provider turned off power to millions of homes and businesses several times during days with forecasted high winds and extremely dry conditions. This step was designed to minimize wildfires, with some success, but it also caused billions of dollars in losses to those affected. Alaska also suffered a near-historic wildfire season with more than 2.5 million acres burned. These wildfire conditions were primed due to Alaska's record-breaking heat and dry conditions during the summer months. July 2019 was the warmest month ever recorded in Alaska."
Southeast Tornadoes and Northern Storms and Flooding (January 2020),Severe Storm,20200110,20200112,1401.8,1149,10,"More than 80 tornadoes and severe storms caused damage across many southeastern states (AL, AR, GA, IL, IN, KY, LA, MS, MO, NC, OH, SC, TN, TX, VA, WI). Storms and severe flooding also impacted northern states including Michigan, Wisconsin and New York. Significant damage occurred along the shoreline of Lake Michigan to roads, the foundation of homes and to Port Milwaukee. These powerful waves were generated by high winds and a lack of seasonal ice cover."
"South, East and Northeast Severe Weather (February 2020)",Severe Storm,20200205,20200207,1532.2,1256,3,"Severe weather across many South, East and Northeastern states including AL, FL, GA, SC, LA, MS, TN, NC, VA, PA, RI, NY, NJ, MD and MA. There were more than 20 tornadoes clustered across central Mississippi into Tennessee. There were also hundreds of high wind damage reports from Florida to New Jersey, with the Carolinas and Florida receiving the most costly damage."
Tennessee Tornadoes and Southeast Severe Weather (March 2020),Severe Storm,20200302,20200304,2850,2336,25,"Powerful EF-3 and EF-4 tornadoes cause considerable damage across the Nashville metroplex and several counties east of Nashville. This damage included many homes, businesses, vehicles, 90 planes and numerous buildings at the Nashville airport. There was also additional hail and wind damage in the surrounding states including Alabama, Kentucky, Mississippi and Missouri."
Midwest and Ohio Valley Severe Weather (March 2020),Severe Storm,20200327,20200328,3120.9,2558,0,"Severe weather caused damage across many Midwest and Ohio Valley states including Missouri, Oklahoma, Texas, Illinois, Indiana, Ohio, Arkansas, Kentucky, Tennessee, West Virginia and Pennsylvania. The states most affected from a combination of high winds and hail were Missouri, Ohio and Arkansas. There were also two dozen tornadoes across Iowa, Illinois, Indiana and Arkansas causing additional damage."
North Central and Ohio Valley Hail Storms and Severe Weather (April 2020),Severe Storm,20200407,20200408,3543.9,2881,0,"Numerous hail storms caused widespread damage across many North Central and Ohio Valley states including Illinois, Iowa, Indiana, Ohio, Michigan, Wisconsin and Missouri. More than 20 tornadoes were also reorted across southern Indiana and Ohio. There was additional widespread high wind damage to homes, vehicles and businesses in many other surrounding states."
Southeast and Eastern Tornado Outbreak (April 2020),Severe Storm,20200412,20200413,4236.2,3444,35,"Outbreak of at least 140 tornadoes from Texas to Maryland including 3 EF4s, 12 EF3s, 20 EF2s, 77 EF1s and 28 EF0s. Damage was extensive and highly destructive to many homes, vehicles and businesses across more than a dozen Southeast and Eastern states."
Southern Severe Weather (April 2020),Severe Storm,20200421,20200423,1660.6,1350,3,"Severe weather caused damage across many Southern states. The states most affected from a combination of high winds, hail and tornadoes included Texas, Oklahoma, Louisiana, Mississippi, Alabama, Georgia, Florida and Virginia. The states with the highest damage totals for the event were Oklahoma, Louisiana and Texas."
"Central, Southern and Eastern Severe Weather (April 2020)",Severe Storm,20200427,20200430,1263.3,1027,1,"Severe weather across many Central, Southern and Eastern states produced primarily large hail and high winds that caused widespread damage to many homes, vehicles and businesses. The states affected included Oklahoma, Texas, Missouri, Arkansas, Louisiana, Virginia, Pennsylvania, Maryland, Delaware and New Jersey."
Central and Eastern Severe Weather (May 2020),Severe Storm,20200503,20200505,2598.9,2113,2,"Severe weather across several Central and Eastern states including Kansas, Missouri, Arkansas, Tennessee and South Carolina. High wind and hail damage was notably clustered across southern Missouri and western to central Tennessee, which were the states with the highest damage totals for the event."
"South, Central and Eastern Severe Weather (May 2020)",Severe Storm,20200520,20200523,1948.6,1584,2,"A combination of thunderstorm high winds, hail and tornadoes affected numerous Southern, Central and Eastern states. The states most affected included Texas, Illinois and North Carolina with damage to homes, businesses and vehicles. Oklahoma, Arkansas, Indiana, Tennessee, Alabama, Georgia, Florida and South Carolina."
South Texas Hail Storms (May 2020),Severe Storm,20200527,20200527,1722,1400,0,"South Texas hail storms cause widespread impact to several cities with golf-ball sized hail damaging many homes, vehicles and businesses. The highest concentration of hail damage occurred across the northern portion of the San Antonio metroplex. There was also significant damage east of San Marcos, southeast of Waco and to the west and south of Bryan and College Station."
Central Severe Weather (July 2020),Severe Storm,20200710,20200711,1447.4,1196,0,"Central severe weather producing hundreds of severe hail and high wind reports across numerous states including Nebraska, South Dakota, Minnesota, Kansas, Oklahoma, Iowa, Illinois and Indiana. These storms caused impacts to many homes, vehicles and businesses."
Hurricane Hanna (July 2020),Tropical Cyclone,20200725,20200726,1300.8,1075,0,"Category 1 Hurricane Hanna made landfall at Padre Island, Texas on July 25 with sustained winds of 90 miles per hour. The impacts from wind, wave action and flooding were most notable in damaging coastal infrastructure and to the agriculture sector. The crop damage was most focused across the Rio Grande Valley in southern Texas."
Hurricane Isaias (August 2020),Tropical Cyclone,20200803,20200804,5756.1,4757,16,"Hurricane Isaias made landfall in southeastern North Carolina as a category 1 storm. Isaias accelerated up the East Coast, resulting in widespread damage and power outages across New York, New Jersey and Pennsylvania. There was also considerable inland flooding most notably in Pennsylvania. In addition, 34 tornadoes developed across North Carolina, Virginia, Maryland, Delaware and New Jersey due to Isaias. Many tornadoes were weaker (EF-0 and EF-1) producing scattered damage to agriculture, structures and residences. Isaias also produced several EF-2 tornadoes and one EF-3 tornado that caused damage in coastal North Carolina and Virginia."
Central Severe Weather - Derecho (August 2020),Severe Storm,20200810,20200810,13342.7,11027,4,"A powerful derecho traveled from southeast South Dakota to Ohio, a path of 770 miles in 14 hours producing widespread winds greater than 100 mph. The states most affected included Iowa, Illinois, Minnesota, Indiana and Ohio. This derecho caused widespread damage to millions of acres of corn and soybean crops across central Iowa. There was also severe damage to homes, businesses and vehicles particularly in Cedar Rapids, Iowa. In addition, there were 15 tornadoes across northeastern Illinois several affecting the Chicago metropolitan area. This is the third severe weather event (since 1980) with inflation-adjusted costs over $10.0 ($12.1) billion joining the late-April and May 2011 tornado outbreaks across the Southeastern and Central states, respectively."
Hurricane Laura (August 2020),Tropical Cyclone,20200827,20200828,28090.3,23215,42,"Hurricane Laura was a powerful category 4 that made landfall at Cameron Parish, in southwestern Louisiana on August 27. Winds up to 150 mph and storm surge in excess of 15 feet caused heavy damage along the coast and inland to the city of Lake Charles. Many broken water systems and a severely damaged electrical grid in southern Louisiana will slow the recovery process. Laura was the strongest hurricane (by maximum sustained windspeed at landfall) to hit Louisiana since the 1856 Last Island hurricane. Laura also had highest landfall wind speed to impact the U.S. since Hurricane Michael in 2018. There were additional impacts to surrounding states including Texas, Mississippi and Arkansas."
Hurricane Sally (September 2020),Tropical Cyclone,20200915,20200917,8801.5,7274,5,"Hurricane Sally was a category 2 hurricane at landfall in Gulf Shores, Alabama. Wind gusts up to 100 mph and 20-30 inches of rainfall caused considerable flood and wind damage across Alabama, the Florida panhandle and into Georgia. Many homes and businesses in downtown Pensacola, FL were impacted from flooding produced by storm surge and heavy rainfall. 2020 is now the fourth consecutive year (2017-2020) that the U.S. has been impacted by a slow moving tropical cyclone that produced extreme rainfall and damaging floods - Harvey, Florence, Imelda and Sally."
Hurricane Delta (October 2020),Tropical Cyclone,20201009,20201011,3469.3,2867,5,"Hurricane Delta was a category 2 hurricane that made landfall near Creole, Louisiana with winds of 100 mph on October 9. This was nearly the same location in which category 4 Hurricane Laura made landfall 6 weeks prior. Heavy rainfall, high winds, storm surge, and nearly one dozen EF-0 or EF-1 tornadoes caused damage across several states including Louisiana, eastern Texas, Mississippi and Georgia."
Hurricane Zeta (October 2020),Tropical Cyclone,20201028,20201029,5266,4352,6,"Hurricane Zeta was a category 2 hurricane that made landfall at Cocodrie, Louisiana with maximum sustained winds of 110 mph on October 28th. Zeta's path inland saw an acceleration of its quick landfall speed to nearly 40 mph, which allowed the wind fields to maintain some strength. These wind impacts propagated well inland affecting parts of Louisiana, Alabama, Mississippi, northern Georgia and into the Carolinas. Hurricane Zeta was the fifth tropical cyclone to make landfall in Louisiana during 2020 as part of a historically active Atlantic hurricane season."
Tropical Storm Eta (November 2020),Tropical Cyclone,20201108,20201112,1766.7,1460,12,"Tropical Storm Eta made landfall in the Florida Keys on November 8 followed by a second landfall near Cedar Key on the west coast of Florida on November 10. Eta produced wind and heavy rain impacts in southern Florida. These impacts continued well inland, as Eta's energy merged with a cold front across several eastern states. This combination produced extreme rainfall across North Carolina and Virginia, which led to significant flooding that damaged homes, businesses and infrastructure. This flooding also caused one dozen fatalities."
"Western Wildfires - California, Oregon, Washington Firestorms (Fall 2020)",Wildfire,20200801,20201230,19904.5,16450,46,"Widespread, continuous drought and record heat affected more than a dozen Western and Central states for much of the summer, fall and into the winter months. Persistent above-average temperatures and precipitation deficits caused D3 (extreme) and D4 (exceptional) drought coverage in December that was the largest extent since August 2012. Death Valley recorded a temperature of 130 degrees F - the highest measured temperature globally in decades - while Los Angeles county recorded a record high of 121 degrees F. There were considerable crop and livestock impacts across the West and Central states from both the persistent heat and increasingly dry conditions. The combined drought and heat also assisted in drying out vegetation across the West that contributed to the Western wildfire potential and severity."
Western/Central Drought and Heat Wave (Summer-Fall 2020),Drought,20200601,20201230,5439.1,4495,45,"A record-breaking U.S. wildfire season burned more than 10.2 million acres. California more than doubled its previous annual record for area burned (last set in 2018) with over 4.1 million acres. Five of the top six largest wildfires on record in California (dating to 1932) burned during August and September. The August Complex was the largest California wildfire, which began as 37 separate wildfires within the Mendocino National Forest, set off after storms caused >10,000 lightning strikes across Northern California. Approximately 10,500 structures were damaged or destroyed across California. Oregon also had historic levels of wildfire damage, as over 2,000 structures burned. These wildfires spread rapidly and destroyed several small towns in California, Oregon and Washington. Colorado also had a severe wildfire season, as its three largest wildfires on record burned during 2020. Dense wildfire smoke also produced hazardous air quality that affected millions of people that also included major cities for weeks. Hundreds of additional wildfires also burned across other Western states."
California Flooding and Severe Weather (January 2021),Flooding,20210124,20210129,1314,1095,2,"California was impacted by an atmospheric river in late-January, in which more than 7 inches of rain fell from southern California to the central California coast. Rainfall totals exceeded 15 inches in Monterey and San Luis Obispo counties. These heavy rains caused flooding and mudslides in some of the same areas burned by wildfires in late-2020. This combination caused dozens of slides and debris flows damaging homes, vehicles and businesses and infrastructure. Highway 1 south of Big Sur was washed out while the Sierra Nevada range received several feet of snow, closing major highways. In addition to significant rain and snow, high winds also caused extensive power outages across parts the region."
"Northwest, Central, Eastern Winter Storm and Cold Wave (February 2021)",Winter Storm,20210210,20210219,27223.2,22686,262,"Historic cold wave and winter storm impacts many northwest, central and eastern states. Temperature departures exceeding 40.0 degrees F (22.2 degrees C) below normal occurred from Nebraska southward to Texas. The prolonged arctic air caused widespread power outages in Texas, as well as other southern states, with multiple days of sustained below-freezing temperatures. At the peak of the outage, nearly 10 million people were without power. Additional impacts were frozen water pipes, which burst upon thawing causing water damage to buildings. These extreme conditions also caused or contributed to the direct and indirect deaths of more than 210 people in Texas alone. This count does not include excess mortality that may be hundreds of additional deaths. There were also snow and ice impacts across numerous states including Oklahoma, Arkansas, Missouri, Illinois, Kentucky, Tennessee, Louisiana, Mississippi, Colorado, Oregon and Washington. This is now the costliest U.S. winter storm event on record, more than doubling the inflation-adjusted cost of the 'Storm of the Century' that occurred in March 1993."
Southeast Tornadoes and Severe Weather (March 2021),Severe Storm,20210324,20210325,1995.8,1677,6,"At least 41 tornadoes impact several states including Kentucky, Tennessee, Mississippi, Alabama and Georgia. These included one EF-4, four EF-3s, ten EF-2s and approximately two-dozen EF-1 or EF-0 tornadoes. The strongest of these tornadoes were focused across central Alabama and western Georgia with tracks across the entire width of Alabama. There was widespread damage to homes, businesses, vehicles and infrastructure."
Eastern Severe Weather (March 2021),Severe Storm,20210327,20210328,1601.9,1346,8,"Severe weather producing hail, high wind and more than two dozen tornadoes impacted numerous states including Arkansas, Alabama, Georgia, Mississippi, South Carolina, North Carolina and Virginia. Tennessee was also affected with significant flooding in Nashville and surrounding areas that damaged businesses, homes and vehicles. There were also many high wind damage reports across Pennsylvania, Maryland and New Jersey."
Texas Hail Storms (April 2021),Severe Storm,20210412,20210415,1755.3,1475,0,"A series of hail storms impacted central Texas causing damage to many homes, vehicles and businesses. There was considerable hail damage northeast of Austin, west of Georgetown and southwest of The Woodlands."
Texas and Oklahoma Severe Weather (April 2021),Severe Storm,20210427,20210428,3747.4,3149,0,"Severe weather including tornadoes, high wind, localized flooding and large hail cause widespread impacts across central Texas and Oklahoma. There was considerable damage across Texas and Oklahoma to many homes, vehicles and businesses particularly from hail storms. Several of the more impacted areas include west of San Antonio, north of Fort Worth, and southwest of San Marcos."
Southern Tornadoes and Southeast Severe Weather (May 2021),Severe Storm,20210502,20210504,1479.1,1264,4,"Tornadoes and severe storms with widespread high wind and large hail cause damage across many Southern and Southeastern states including Mississippi, Texas, Arkansas, Alabama, Georgia, South Carolina, North Carolina, and Tennessee. There were over 111 confirmed tornadoes largely clustered in central Mississippi and surrounding states."
Louisiana Flooding (May 2021),Flooding,20210517,20210518,1569.6,1319,5,"Torrential rainfall from thunderstorms across Louisiana and coastal Texas caused widespread flooding and resulted in hundreds of water rescues. Baton Rouge and Lake Charles experienced flood damage to thousands of homes, vehicles and businesses, as more than 12 inches of rain fell. Lake Charles also continues to recover from the widespread damage caused by Hurricanes Laura and Delta less than 9 months before this flood event."
Ohio Valley Hail Storms (June 2021),Severe Storm,20210617,20210618,1980.1,1707,0,"Damaging hail storm and high wind impacts across several states including Ohio, Illinois, Indiana, Michigan, Wisconsin, Minnesota, Iowa and Missouri. The hail impacts were most severe in southeastern Minnesota, southern Iowa, southeastern Indiana and southwestern Ohio, with damage to many homes, vehicles and businesses."
Central Severe Storms (June 2021),Severe Storm,20210624,20210626,1453.6,1253,0,"A combination of thunderstorm high winds, hail and tornadoes affected numerous Central states. The states most affected included Michigan, Illinois, Indiana, Ohio, Missouri, Kansas and Texas with damage to homes, businesses, vehicles and agriculture."
Tropical Storm Elsa (July 2021),Tropical Cyclone,20210707,20210709,1395.3,1213,1,"Tropical Storm Elsa made landfall in Taylor County, Florida producing heavy rain, wind, flooding and tornadoes in portions of Florida, Georgia and the Carolinas, as well as flooding across parts of the Northeast. Southern New England and New York's Long Island experienced flash flooding, leading to impassable roads, stranded vehicles and disruption. Elsa was the earliest fifth-named storm on record."
Central Severe Storms (July 2021),Severe Storm,20210708,20210711,1242.2,1080,0,"Severe storms caused considerable hail damage across numerous Central states including Missouri, Nebraska, Iowa, South Dakota, North Dakota, New Mexico and Texas. There was also widespread high wind damage to homes, vehicles and businesses in many other surrounding states."
North Central Severe Weather (August 2021),Severe Storm,20210810,20210813,1476.9,1284,2,"Widespread high wind impacts across numerous North Central states including Illinois, Michigan, Wisconsin, Indiana, Ohio and Missouri. This multi-day event caused damage to infrastructure, homes, vehicles and businesses."
Tropical Storm Fred (August 2021),Tropical Cyclone,20210816,20210818,1468.9,1277,7,"Tropical Storm Fred made landfall near Panama City, Florida. As Fred progressed northward it caused torrential flooding across the southern Appalachian Mountains with more than a foot of rainfall reported in some locations of western North Carolina. This flash flooding caused damage to many homes, businesses, vehicles, roads and bridges, in additional to several fatalities. Fred also produced nearly a dozen tornadoes across the Northeast as it moved up the East Coast."
Hurricane Ida (August 2021),Tropical Cyclone,20210829,20210901,84608.1,73572,96,"Category 4 Hurricane Ida made landfall near Port Fourchon, Louisiana with maximum sustained winds of 150 mph (240km/h) and a minimum central pressure of 930 mb. Ida was one of three hurricanes in recorded history to make landfall in Louisiana with 150 mph winds, along with Hurricane Laura in 2020 and the 'Last Island' hurricane of 1856. Grand Isle, Louisiana took a direct hit with 100% of its homes damaged and nearly 40% were nearly-to-completely destroyed. There was heavy damage to the energy infrastructure across southern Louisiana causing widespread, long duration power outages to millions of people. Parts of New Orleans were without power for nearly a week due to the widespread damage. As the remnants of Ida moved into the Northeast it merged with a frontal system creating severe weather and flash flooding across a wide region from eastern Pennsylvania to New York. Flash flood emergencies were declared in New Jersey and New York for the first time, producing damage to homes, businesses, vehicles and infrastructure while also causing dozens of fatalities."
Hurricane Nicholas (September 2021),Tropical Cyclone,20210914,20210918,1168.5,1016,0,"Category 1 Hurricane Nicholas made landfall near Sargent Beach, Texas on September 14 and moved slowly toward Louisiana over the next several days. This slow progression helped to produce flooding rainfall across regions of the Gulf Coast that were already saturated from Hurricane Ida."
"Southeast, Central Tornado Outbreak (December 2021)",Severe Storm,20211210,20211210,4424.1,3915,93,"Historic December tornado outbreak across several southeast and central states caused devastating damage across many towns and cities. This outbreak produced two long-tracked EF-4 tornadoes across Arkansas, Missouri, Tennessee and Kentucky. The longest tornado track was nearly 166 miles across Kentucky and a small portion of Tennessee. This was the longest-tracked tornado on record in Kentucky and was a U.S. record tornado track length for the month of December. There were over 800 total miles of tornado path length on December 10. The peak intensity from this outbreak was EF-4 rated wind speeds of 190 mph in Mayfield, Kentucky. This day was also the deadliest December tornado outbreak recorded in the United States surpassing the Vicksburg, Mississippi tornado of December 5, 1953, which caused 38 fatalities."
Midwest Derecho and Tornado Outbreak (December 2021),Severe Storm,20211215,20211215,2013.8,1782,1,"A rare, record-breaking December derecho and tornado outbreak caused widespread damage that was focused across Kansas, Nebraska, Iowa, Minnesota and Wisconsin. There were many reports of hurricane-force thunderstorm wind gusts and more than 50 tornadoes causing widespread damage to homes, vehicles, businesses and infrastructure. This was the first December derecho on record to occur within the United States. This event also produced the first December tornado on record in Minnesota since 1950, with 17 tornadoes reported across southeast Minnesota."
Western Wildfires (2021),Wildfire,20210601,20211231,12064,10400,8,"Western drought conditions were persistent throughout 2021, as the drought expanded and intensified across many Western states. A historic heat wave also developed for many days across the Pacific Northwest shattering numerous all-time high temperature records across the region. This prolonged heat dome was maximized over the states of Oregon and Washington and extended well into Canada. These extreme temperatures impacted several major cities and millions of people. For example, Portland reached a high of 116 degrees F while Seattle reached 108 degrees F. These extreme temperatures caused hundreds of direct and indirect heat-related fatalities across Oregon and Washington, not including excess mortality that may be hundreds of additional deaths. This combined drought and heat rapidly dried out vegetation across the West, impacting agriculture. Low water levels also forced the hydroelectric power plant at Lake Oroville in California to shut down for the first time since it opened in 1967."
Western Drought and Heat Wave (2021),Drought,20210101,20211231,10117.2,8431,229,"Severe drought conditions and periods of extreme heat provided conditions favorable for another damaging western wildfire season most focused across California, Colorado, Oregon, Washington, Idaho, Montana and Arizona. The Dixie Fire consumed over 960,000 acres making it the second-largest wildfire on record in California while also destroying more than 1,000 structures. California's Caldor Fire grew rapidly during August, threatening South Lake Tahoe communities and burned over 220,000 acres. Other large wildfires included the Ford Corkscrew Fire (Washington), the Bootleg Fire (Oregon), the Boundary Fire (Idaho), the Trail Creek Fire (Montana) and the Telegraph Fire (Arizona), among many others. There was also the Marshall Fire in Boulder County, Colorado on December 30 that damaged or destroyed more than 1,000 homes and businesses. This wildfire is the most destructive on record in Colorado. Throughout the wildfire season air quality was also a concern across numerous states, as ash and fine particulates from wildfires obscured the skies and made outdoor activities more hazardous. Over 7.1 million acres burned nationally during the 2021 wildfire season."
Texas Hail Storms (February 2022),Severe Storm,20220221,20220222,1118.9,1008,0,"Overnight hail storms impacted numerous counties across north central Texas. In particular, the counties of Denton, Collin and Wise were impacted by ping pong to golf ball sized hail causing damage to homes, vehicles and businesses."
Southern Tornado Outbreak (March 2022),Severe Storm,20220330,20220330,1369.4,1256,2,"An outbreak of 83 tornadoes was focused across the Gulf Coast states including Louisiana, Mississippi, Alabama, and Florida."
Southeast Tornado Outbreak (April 2022),Severe Storm,20220404,20220406,1544.8,1417,3,"A tornado outbreak on April 4-6 with a combined 100 preliminary tornadoes reported. The tornadoes occurred across Texas, Louisiana, Mississippi, Alabama, Georgia, Florida and South Carolina. Many of these tornadoes were clustered along the southern regions of Mississippi, Alabama, Georgia and South Carolina. During this three-day period many of these tornadoes were rated as either EF-1 or EF-0, but there were also nine EF-2, three EF-3 and one EF-4 tornado. This EF-4 occurred in Pembroke, Georgia on April 5th with winds of 185 mph that destroyed several neighborhoods. Many of the other tornadoes across the South caused considerable damage to homes, businesses, vehicles, and other infrastructure."
Southern Severe Weather (April 2022),Severe Storm,20220411,20220413,2915.7,2675,1,"Severe weather including hundreds of damaging wind reports and dozens of tornadoes occurred across Arkansas, Louisiana, Mississippi, Alabama, Texas, Tennessee and Kentucky. On April 11, tornadoes and damaging hail was focused across central Arkansas causing damage to homes, vehicles, outbuildings and farms and vegetation. April 12 and 13 produced widespread high wind reports and dozens of tornadoes across central Mississippi, northeast Arkansas and west-central Kentucky. These tornadoes produced damage to homes, businesses, farms, outbuildings and other infrastructure. There was also considerable hail damage across Wisconsin and Minnesota."
Southern and Central Severe Weather (May 2022),Severe Storm,20220501,20220503,1230.1,1139,1,"Severe weather producing high winds and large, damaging hail impacted several Southern and Central states including Texas, Oklahoma, Ohio and Pennsylvania. Many homes, businesses, vehicles and agriculture assets were damaged."
North Central Hail Storms (May 2022),Severe Storm,20220509,20220509,2354.4,2160,0,"Numerous hail storms caused extensive damage across south-central Minnesota and into western Wisconsin. There were many reports of golf ball to baseball-sized hail damaging homes, vehicles, businesses and other infrastructure."
North Central Severe Weather (May 2022),Severe Storm,20220511,20220512,2949.6,2706,1,"""Severe weather causes tornado  hail and high wind damage across several states including South Dakota  Nebraska  Minnesota and Wisconsin. Hail and high winds impacted southern Minnesota including the cities of St. Cloud and the Minneapolis metro area. In addition  numerous reports of high wind damage occurred across eastern Nebraska. There were also more than two dozen tornadoes that impacted eastern South Dakota and central Minnesota causing damage to homes  vehicles  businesses  agriculture and other infrastructure."""
North Central Hail Storms (May 2022),Severe Storm,20220519,20220519,2625.4,2431,0,"Severe hail storms with numerous reports of golf-balled sized hail causing damage across southeastern Minnesota and western Wisconsin. These hail storms were south of the hail storms that damaged many homes, vehicles and businesses just 10 days earlier on May 9."
Central Severe Weather (June 2022),Severe Storm,20220607,20220608,2025.7,1911,0,"Severe weather produced damaging hail, high wind and damage from more than two dozen tornadoes across numerous states including Colorado, Nebraska, Kansas, Missouri, Oklahoma, Texas, Iowa and Ohio. Hail and high wind damage was severe across much of Nebraska causing widespread damage to homes, businesses, vehicles, farms and agriculture and other infrastructure."
Central Derecho (June 2022),Severe Storm,20220613,20220613,3386.6,3195,1,"A powerful derecho carved a path a high wind damage across several states with the impacts focused in Michigan, Illinois, Indiana and Ohio. Thousands of trees were downed from the high winds causing damage to many homes, businesses, vehicles, power lines and other infrastructure. There was also considerable hail damage across southern Wisconsin."
North Central and Eastern Severe Weather (July 2022),Severe Storm,20220722,20220724,1420.4,1340,1,"Severe weather with high winds and 19 tornadoes impact numerous states including North Dakota, Minnesota, Wisconsin, Michigan, Illinois, Indiana, Ohio, Pennsylvania, Virginia, Maryland and New York. Many homes, businesses, vehicles, agriculture and other infrastructure were damaged."
Kentucky and Missouri Flooding (July 2022),Flooding,20220726,20220728,1552.9,1465,42,"Eastern Kentucky and eastern Missouri were impacted by major flooding from a stalled frontal system, which damaged thousands of homes, businesses, vehicles and other infrastructure in late-July. Areas around St. Louis received 8-12 inches of rainfall that required swift water rescues due to flooded interstates and homes across the St. Louis metropolitan area. A large region of 5-10+ inches of rainfall across eastern Kentucky produced deadly flash flooding. Over 600 helicopter rescues and many swift water rescues by boat were needed to evacuate people who were trapped by the quickly-rising flood waters. The North Fork of the Kentucky River at Jackson also reached major flood stage setting a new record crest of 43.47' (the previous record was 43.1' set in 1939)."
Hurricane Fiona (September 2022),Tropical Cyclone,20220917,20220918,2660.6,2510,25,"Category 1 Hurricane Fiona causes widespread power outage across central and western Puerto Rico. Extreme rainfall (12-18 inches) from an intensifying hurricane resulted in widespread flooding and mudslides causing damage to many homes, businesses, vehicles and other infrastructure. The regional power grid was also significantly impaired."
Hurricane Ian (September 2022),Tropical Cyclone,20220928,20220930,118508,111800,152,"Ian made landfall near Cayo Costa, Florida, as a Category 4 Hurricane with sustained winds of 150 mph. Significant parts of many coastal communities including those along the barrier islands of Captiva, Sanibel, Pine and Fort Myers Beach were washed away by the high winds and storm surge. Ian slowly crossed Florida also causing significant inland flooding across central and eastern portions of the state from widespread rainfall totals of 10-20 inches. The counties of Volusia, Orange, Seminole and Brevard reported totals greater than 20 inches of rainfall. Ian re-emerged over the Atlantic as a tropical storm, re-intensified into a Category 1 hurricane on September 30, and made landfall near Georgetown, SC, with sustained winds of 85 mph causing more coastal flood damage and destroying several large piers near Myrtle Beach, South Carolina. Since 1980, five hurricanes have produced $20+ billion in damage in Florida—Andrew (1992), Charley (2004), Wilma (2005), Irma (2017), and Michael (2018). Hurricanes Andrew and Irma produced the highest damage totals in Florida (approximately $50 billion for each storm). Hurricane Ian's impact is anticipated to exceed $50 billion in insured and uninsured losses. The U.S. has been impacted by landfalling category 4 or 5 hurricanes in five of the last six years including Hurricanes Harvey, Irma, Maria, Michael, Laura, Ida, and Ian."
Hurricane Nicole (November 2022),Tropical Cyclone,20221110,20221111,1081.2,1020,5,"Category 1 Hurricane Nicole made landfall at North Hutchinson Island, Florida producing heavy rain, flooding and coastal erosion. Many of the Florida counties and communities impacted by Nicole were still recovering from the high wind and flooding impacts of Hurricane Ian several weeks earlier. This compounded the existing damage and recovery timeline. Nicole was the first hurricane to make landfall in Florida during November since Hurricane Kate in 1985."
Western Wildfires (Spring-Fall 2022),Wildfire,20220401,20221130,3296.6,3110,17,"Severe drought conditions and periods of extreme heat provided conditions favorable for another damaging western wildfire season most focused across New Mexico, Oregon, Idaho, Montana, California and Alaska. The Calf Canyon and Hermits Peak Fires in New Mexico merged in April consuming over 340,000 acres. This became the largest and most destructive wildfire on record in New Mexico - damaging or destroying over 1,000 structures. Other large wildfires included the Double Creek Fire (Oregon), the Moose Fire (Idaho), the Mosquito Fire (California), the Trail Creek Fire (Montana) and the Lime Complex Fire (Alaska), among many others. Over 7.5 million acres burned nationally during the 2022 wildfire season."
Central and Eastern Winter Storm and Cold Wave (December 2022),Winter Storm,20221221,20221226,8951.7,8445,87,"Historic winter storm and powerful arctic front caused significant impact across much of the nation, bringing heavy rains, snow, ice and high winds that sent temperatures plummeting. More than 200 million people were under a winter weather advisory or warning and more than a million customers, from Texas to Maine, were left without power. Buffalo, New York was paralyzed by near hurricane force winds and continuous snow squalls, which contributed to dozens of fatalities in the region. Additional impacts were widespread frozen water pipes that led to extensive water damage in many homes, businesses and to other critical infrastructure."
Western/Central Drought and Heat Wave (2022),Drought,20220101,20221231,23480.6,20965,136,"Severe drought conditions impacted many Western and Central states. Large reservoirs across the West including Lake Mead, Lake Powell, Lake Oroville, and Shasta Lake, among others continue to be depleted. Lake Mead, the Nation's largest reservoir, is nearing dead pool status and is at the lowest level since it was filled in the 1930s. The Great Salt Lake is also near record-low levels. The impacts of the drought affected crop production across may states and sharply increased feeding costs for livestock. Many segments of the Mississippi River also experienced low water levels causing delays and reductions in river commerce. Extreme heat also developed for many days across Western and Central states. These excess heat conditions caused more than one hundred heat-related fatalities focused across Arizona, Nevada, California, Oregon and Texas. The 2022 drought was one of the costlier droughts on record, with a diverse array of direct impacts across different regions and industries."
Northeastern Winter Storm/Cold Wave (February 2023),Winter Storm,20230202,20230205,1838.8,1751,1,"A strong winter storm produced snow, high winds and bitter cold across numerous Northeastern states. High winds caused widespread power outages in Massachusetts while Mount Washington, New Hampshire observed a wind chill temperature of -108 degrees Fahrenheit. This was one of the coldest wind chill temperatures ever recorded in the United States."
Southern and Eastern Severe Weather (March 2023),Severe Storm,20230302,20230303,6111.1,5876,13,"Severe storms impact numerous southern and eastern states including Texas, Alabama, Mississippi, Tennessee, Kentucky, Indiana and Ohio. Impacts from high wind and tornadoes cause widespread damage to homes, vehicles, businesses, government buildings and infrastructure."
California Flooding (December 2022 - March 2023),Flooding,20221226,20230319,4725,4500,22,"Numerous atmospheric rivers in continuous succession caused severe flooding, record snowfall and copious rainfall that significantly reduced drought deficits across California, between late-December and March 2023. Flooding impacted many homes, businesses, levees, agriculture and other infrastructure particularly across central California."
Southern and Eastern Severe Weather (April 2023),Severe Storm,20230324,20230326,2956,2815,23,"Southern and eastern severe storms including more than 40 tornadoes caused damage across Mississippi, Alabama, Georgia, Tennessee to many homes, businesses, vehicles and other infrastructure. Additional high wind damage occurred in parts of Ohio, West Virginia and Pennsylvania."
Central Tornado Outbreak and Eastern Severe Weather (March 2023),Severe Storm,20230331,20230401,5853.2,5628,33,"A historic tornado outbreak across numerous central states caused widespread damage from at least 145 tornadoes. States most impacted were Illinois, Indiana, Ohio, Missouri, Iowa, Arkansas, Tennessee and Pennsylvania where there was severe damage to homes, businesses, vehicles, agriculture and other infrastructure."
Central and Eastern Severe Weather (April 2023),Severe Storm,20230404,20230406,2956.1,2815,5,"Severe storms produced large hail, high winds and more than 35 tornadoes across many central and southern states. The states most affected were Illinois, Kentucky, Iowa, Indiana, Ohio, Missouri and Michigan where there was considerable damage to homes, businesses, agriculture, vehicles and other infrastructure."
Fort Lauderdale Flash Flood (April 2023),Flooding,20230412,20230413,1133,1100,0,"Historical rainfall and flash flooding inundated Fort Lauderdale and surrounding areas with over 25 inches of rainfall in less than 24 hours. This resulted in many flooded homes, vehicles and businesses. The Fort Lauderdale Airport also closed on April 13 due to the flooding."
Central and Southern Severe Weather (April 2023),Severe Storm,20230415,20230415,1388.3,1335,0,"Several central and southern states including Missouri, Arkansas, Illinois, Texas, Louisiana and the Florida Panhandle were impacted by hail, tornadoes and high winds. These storms caused damage to many homes, vehicles and businesses."
Central Severe Weather (April 2023),Severe Storm,20230419,20230420,3078.4,2960,1,"Severe hail, scattered tornadoes and high winds caused damage across numerous central states. Central Oklahoma was impacted by a cluster of tornadoes. Texas, Missouri, Nebraska, Kansas, Iowa, Illinois and Wisconsin was impacted by hail and high wind damage from severe storms."
Southern Severe Weather (April 2023),Severe Storm,20230425,20230427,1372.8,1320,0,"Southern severe weather across Texas, Georgia and Florida. Considerable hail and wind damage to many homes, businesses, vehicles and other infrastructure."
Central Severe Weather (May 2023),Severe Storm,20230506,20230508,2222.5,2137,1,"Severe weather across numerous central states including Missouri, Illinois, Iowa, and Indiana. There was additional damage in Kentucky, Tennessee, South Carolina and Texas. Large hail, high winds and torandoes caused widespread impact to many homes, businesses, vehicles, farms and other infrastructure."
Central and Eastern Tornadoes and Hail Storms (May 2023),Severe Storm,20230510,20230512,3563,3426,1,"Dozens of tornadoes and severe hail storms from the eastern Rockies and across several central states. The most costly severe hail impacts were focused in Colorado while numerous tornadoes also impacted western Kansas, central Oklahoma and eastern Nebraska. Texas and North Dakota were also impacted from combination of high winds, hail and isolated tornadoes with damage to homes, businesses, vehicles, farms and other infrastructure."
Texas Hail Storms (May 2023),Severe Storm,20230518,20230519,1690,1625,0,"Texas hail storms impact numerous counties across north central Texas. Collin county in particular was impacted by golf ball to tennis ball sized hail causing damage to homes, vehicles and businesses."
Typhoon Mawar (May 2023),Tropical Cyclone,20230524,20230525,4377.5,4250,2,"A Category 4 Typhoon struck Guam on May 24 battering the island for 15 hours until the early morning of May 25. Typhoon Mawar's wind speeds of up to 145 mph damaged residential and commercial buildings, vehicles and infrastructure. Several U.S. military bases including Andersen Air Force Base sustained considerable damage. Guam's international airport also sustained flood damage."
Southern Severe Weather (June 2023),Severe Storm,20230611,20230614,4153.1,4032,0,"Numerous southern states including Texas, Louisiana, Mississippi, Alabama, Georgia, Tennessee, Arkansas, South Carolina and Florida were impacted by hail, tornadoes and high winds. These storms caused damage to many homes, vehicles and businesses across several days of severe storm activity."
Central and Southern Severe Weather (June 2023),Severe Storm,20230615,20230618,3881.1,3768,5,"Severe storms produce over one thousand reports of damaging weather across Oklahoma, Texas, Mississippi, Georgia, Florida, Arkansas and Ohio. Among these reports were over 70 preliminary tornadoes including an EF-3 tornado in Louin, Mississippi. This combination of high winds, hail and tornadoes caused damage to homes, businesses, vehicles, agriculture and other infrastructure. The damage was most focused in Oklahoma."
Rockies Hail Storms and Central and Eastern Severe Weather (June 2023),Severe Storm,20230621,20230626,5401.4,5244,8,"Severe hail storms across Colorado damaged many homes, vehicles and injured approximately 100 people at a large outdoor concert. This multi-day outbreak of severe weather also produced more than 60 tornadoes across portions of Wyoming, Colorado, Minnesota, Indiana, Kentucky and Arkansas that caused damage to homes, businesses, vehicles, agriculture and other infrastructure."
Central Severe Weather (June 2023),Severe Storm,20230628,20230702,1976.8,1919,3,"Severe storms caused damage across numerous Central states. The state most impacted were Missouri, Illinois and Indiana while there were also damage in many surrounding states. The damage to many homes, vehicles, businesses and agriculture assets was largely from high wind and damaging hail but there were also scattered tornado impacts."
Northeastern Flooding and North Central Severe Weather (July 2023),Flooding,20230709,20230715,2230.4,2165,10,"Severe storms brought devastation and flooding to portions of the Northeast, as areas reported up to eight inches of rain within a 24-hour period. Montpelier, Vermont received a record-breaking 5.28 inches of rain, flooding the city and damaging thousands of homes and businesses. The wide scale flooding in Vermont was similar to the flood impacts from Hurricane Irene in 2011. Early estimates put the flood damage in West Point, New York at more than $100 ($103.0) million. There was also considerable damage to roads, bridges and agriculture across the Northeast. Severe storms also caused high wind and hail impacts across Wisconsin, Minnesota and Illinois."
North Central and Southeastern Severe Weather (July 2023),Severe Storm,20230719,20230721,1887,1832,1,"Severe storms caused damage across several North Central and Southeastern states. The states most impacted were Michigan, Wisconsin, Ohio, Tennessee and Georgia. Ping pong to golf ball-sized hail and high winds damaged many homes, vehicles, businesses and other infrastructure."
North Central and Eastern Severe Weather (July 2023),Severe Storm,20230728,20230729,1526.6,1482,2,"Severe storms caused damage across several North Central and Eastern states. The state most impacted were Nebraska, Missouri, Illinois, Indiana and Wisconsin. High wind, severe hail and tornadoes caused damage to many homes, vehicles, businesses and agriculture assets."
Hawaii Firestorm (August 2023),Wildfire,20230808,20230808,5665,5500,100,"More than one thousand reports of high wind, severe hail or tornadoes across many Northeastern and Eastern states. August 7 was a prolific day of severe weather with damage reports from Georgia to New York. These storms caused impacts to many homes, vehicles, businesses, agriculture and other infrastructure."
Northeastern and Eastern Severe Weather (August 2023),Severe Storm,20230805,20230808,1680.2,1631,4,"Devastating wildfires destroyed the historic town of Lahaina on Maui Island of Hawaii. Winds were enhanced from the strength and position of a high-pressure system located northwest of Hawaii, which helped to exacerbate the wildfire as it spread on the island of Maui. Hurricane Dora was also positioned south of Hawaii. This was the deadliest wildfire in the U.S. in over a century. Thousands of homes, vehicles and businesses were destroyed."
Minnesota Hail Storms (August 2023),Severe Storm,20230811,20230811,1828.3,1775,0,"Numerous hail storms caused extensive damage across south-central Minnesota. Golf ball to baseball-sized hail caused damage to the windows, siding and roofs of many homes, vehicles and businesses."
Hurricane Idalia (August 2023),Tropical Cyclone,20230829,20230831,3559.7,3456,5,"Hurricane Idalia made landfall near Keaton Beach in the Big Bend region of Florida as a strong Category 3 hurricane with winds of 125 mph. Idalia was the strongest hurricane to hit the Big Bend region in more than 125 years. Storm surge was about 8 feet above ground at Cedar Key, which caused heavy damage to homes, businesses, vehicles and other infrastructure. Other Big Bend coastal communities were also inundated by storm surge. Idalia produced 5 to 10 inches of rainfall across the Big Bend region of Florida and southeastern portions of Georgia and the Carolinas. The relatively low population density of the Big Bend region helped to reduce the physical exposure and damage costs. Significant flooding was reported in downtown Charleston, SC and nearby Edisto Beach. There was also 2 to 4 feet of storm surge along the Carolina coastline, which was exacerbated by the full moon and high tide cycle."
Southern Hail Storms (September 2023),Severe Storm,20230923,20230924,1694.5,1645,0,"Hail storms impact Texas, Oklahoma and Missouri. The most damaging impacts were in central Texas including Austin, Georgetown, Round Rock and Arlington on September 24. Towns north of Austin in particular were impacted by baseball sized hail causing damage to homes, vehicles and businesses."
Southern/Midwestern Drought and Heatwave (Spring-Fall 2023),Drought,20230401,20230930,14786.7,14082,247,"Drought conditions impacted numerous Southern and Midwestern states (TX, LA, OK, KS, IL, MO, NE) and surrounding states. The agriculture sector has been impacted across these affected states including damage to field crops from lack of rainfall. Ranchers have also been forced to sell-off livestock early in some regions due to high feeding costs. For the second straight year, portions of the Mississippi River have experienced low water levels impacting river commerce. This low flow has also allowed salt water from the Gulf of Mexico to migrate northward, along the bottom of the Mississippi River, impacting water quality in southern Louisiana. Several Northwestern states including Washington, Oregon and Montana have also been impacted by increasing drought effects."
East Coast Storm and Flooding (December 2023),Flooding,20231216,20231218,1301.6,1276,5,"Powerful east coast storm from Florida to Maine produced widespread impacts from heavy rainfall, flooding, high winds and coastal erosion. The heavy rainfall and snowmelt were amplified by record-high temperatures in the Northeast."
Southern Tornado Outbreak and East Coast Storm (January 2024),Severe Storm,20240108,20240110,2780.2,2726,3,"Southern tornado outbreak and east coast storm impacted more than a dozen states. At least 39 preliminary tornadoes were clustered around the Florida Panhandle through the Carolinas while hundreds of high wind reports were scattered up the East Coast reflecting damage to homes, businesses, vehicles and other infrastructure. The strongest tornado was an EF-3 that caused significant damage around Panama City Beach, Florida, after an intense waterspout moved onshore."
Northwest Winter Storm (January 2024),Winter Storm,20240112,20240114,1723.8,1690,20,"A strong artic front moved across Western Washington and Oregon on January 12 and 13 dropping temperatures below freezing. This allowed freezing rain to impact areas along the coast and the Willamette Valley northward into southwest Washington. Numerous locations including Springfield and the Portland metro area were affected by the icing and strong winds, which caused significant tree damage and power outages. Numerous homes, businesses, vehicles and other infrastructure were damaged."
"Central, Southern, Northeastern Winter Storm and Cold Wave (January 2024)",Winter Storm,20240114,20240118,1948.3,1910,41,"A bitterly cold airmass affected numerous central and southern states most including Illinois, Missouri, Kansas, Texas, Mississippi, Arkansas, Tennessee and Georgia. This long-duration cold wave produced sleet and freezing rain accumulations into the deep south, across much of Mississippi. High winds also pushed wind chills well below zero for many states contributing to dozens of fatalities, many in Tennessee. Damage also occurred to homes, vehicles and businesses from the high winds and frozen precipitation."
Southern Severe Weather (February 2024),Severe Storm,20240210,20240212,1072,1051,0,"Severe storms produced up to golf ball sized hail across central and eastern Texas causing damage to homes, vehicles and businesses. Additional damage from hail and high winds and training thunderstorms caused flooding across portions of Louisiana, Alabama, Georgia, Florida and North Carolina."
Central and Eastern Severe Weather (February 2024),Severe Storm,20240227,20240228,1519.1,1504,0,"Severe storms produced two dozen tornadoes, hail and high wind impacts across northern Illinois, central Ohio and southern Michigan. There were additional high wind impacts focused across northern Kentucky and northern Georgia causing damage to homes, vehicles, businesses and other infrastructure."
Central and Southern Severe Weather (March 2024),Severe Storm,20240312,20240314,6091.4,6031,3,"Damaging hail, tornadoes and high wind from severe storms impact many Central and Southern states. Kansas, Oklahoma and Missouri were affected by up to baseball-sized hail damaging homes, vehicles, businesses. Illinois, Indiana and Ohio were impacted by hail, high wind and dozens of tornadoes including a deadly EF-3 striking northwest Ohio."
Central Tornado Outbreak and Eastern Severe Weather (April 2024),Severe Storm,20240401,20240403,2465.5,2441,3,"A central tornado outbreak produced more than 85 tornadoes across a three-day period from Oklahoma to West Virginia. This outbreak included 19 EF-0, 52 EF-1 and 14 EF-2 tornadoes, which were most concentrated across the Ohio River Valley on April 1-2. These tornadoes and severe weather impacts across several eastern states caused damage to homes, businesses, vehicles and other infrastructure."
Southern and Eastern Severe Weather (April 2024),Severe Storm,20240408,20240411,2725.1,2698,0,"Southern and eastern severe weather produced tornadoes, hail and high wind, from Texas to Virginia. The event began with severe hail and high wind impacts across central and eastern Texas, followed by more than 20 tornadoes impacting the Gulf Coast counties of Louisiana, Mississippi, Alabama and Florida. There were additional high wind and tornado impacts in North Carolina and Virginia."
Central and Southern Tornado Outbreak (April 2024),Severe Storm,20240426,20240428,1681,1681,3,"An outbreak producing more than 140 tornadoes developed across several central and southern states including Nebraska, Iowa, Kansas, Missouri, Oklahoma and Texas causing widespread damage to many homes, businesses, vehicles, agriculture and other infrastructure. Eastern Nebraska was particularly impacted by numerous strong tornadoes. Lincoln narrowly avoided a direct hit, with a large tornado touching down on the edge of the city. The same storm also spawned a mile-wide tornado that heavily damaged the towns of Elkhorn, Bennington, and Blair on the outskirts of Omaha. On April 27, an EF-4 tornado struck Marietta, Oklahoma damaging a large commercial distribution center. Near downtown Omaha another EF-3 touched down at Eppley Airfield, which destroyed several hangars and airplanes. Several tornadoes also touched down close to Topeka, Kansas while an EF-3 tornado caused extensive damage to the town of Westmoreland."
"Central, Southern, Southeastern Tornado Outbreak (May 2024)",Severe Storm,20240506,20240509,6234,6234,3,"An outbreak producing more than 165 tornadoes developed across many central, southern and southeastern states. The states most affected include Oklahoma, Kansas, Nebraska, Michigan, Indiana, Ohio, Kentucky, Tennessee, Alabama, North Carolina, South Carolina, Georgia and Florida. This multi-day torando outbreak produced at least 61 EF-0, 79 EF-1, 13 EF-2, three EF-3, one EF-4 tornado and dozens of EF-U (unknown/unrated) tornadoes, causing widespread damage to many homes, businesses, vehicles, agriculture and other infrastructure. The towns of Barnsdall and Bartlesville, Oklahoma were impacted by a violet EF-4 tornado that caused extensive damage."
Southern Severe Weather (May 2024),Severe Storm,20240511,20240513,1124,1124,1,"Damaging hail, tornadoes and high wind impact central and eastern Texas, southern Louisiana and the Florida Panhandle on May 11-13. In addition to golf ball sized hail in Texas, more than a dozen tornadoes cause damage to homes, vehicles, businesses and other infrastructure in near coastal counties of Louisiana, Texas and Florida."
Southern Derecho (May 2024),Severe Storm,20240516,20240517,1335,1335,8,"A rare southern derecho event produced high wind damage from Texas to Florida. Central and eastern Texas were impacted by high winds at times exceeding 100 mph. These winds also ripped through downtown Houston blowing out numerous windows in skyscrapers causing considerable damage. Louisiana, Alabama and Florida also were impacted by damaging winds impacting many homes, vehicles and businesses."
"Central, Southern, Eastern Severe Weather (May 2024)",Severe Storm,20240518,20240522,4859,4859,5,"Severe storms across many central, southern and eastern states produced widespread impacts from several dozen tornadoes, severe hail and high winds. The states most impacted were Nebraska, Kansas, Oklahoma, Texas, Iowa and Wisconsin, as each experienced considerable damage to homes, vehicles, businesses, agriculture and additional infrastructure. On May 21, an EF-4 tornado cut a 44-mile path across southeast Iowa, with peak wind speeds of 175-185 mph. The town of Greenfield, Iowa was heavily damaged. Multiple 'Particularly Dangerous Situation (PDS)' watches were issued by NOAA's National Weather Service for these states, during this multi-day sequence. Several eastern states also sustained high wind damage from these storms."
Central Tornado Outbreak (May 2024),Severe Storm,20240525,20240526,3059,3059,16,"An outbreak producing more than 110 tornadoes developed across many central states. The states most affected include Missouri, Arkansas, Texas, Oklahoma, Illinois and Kentucky causing widespread damage to homes, businesses, vehicles, agriculture and other infrastructure. On May 25, an EF-3 tornado tracked through the Montague, Cooke and Denton counties of Texas, with maximum winds of 140 mph that caused seven fatalities and at least 100 injuries."
Texas Hail Storms (May 2024),Severe Storm,20240527,20240528,2325,2325,1,"Golfball to softball-sized hail caused extensive damage across north and east Texas. Some of these hail storms impacted major cities including Dallas and Houston where homes, vehicles, businesses and other infrastructure were damaged."
Colorado Hail Storms and Southern Severe Weather (May 2024),Severe Storm,20240531,20240601,2453,2453,0,"Severe hail storms caused damage across eastern Colorado, with numerous reports of golf ball to baseball-sized hail. There was considerable damage to homes, vehicles, businesses and other infrastructure. Severe storms also produced high wind damage across Texas."
Central and Eastern Severe Weather (June 2024),Severe Storm,20240612,20240614,1228,1228,0,"Damaging hail, high wind and tornadoes impact several central and eastern states including Missouri, Iowa, Kansas, Nebraska, Minnesota, Ohio, Michigan and Pennsylvania on June 12-14. Central and northern Minnesota received damage from quarter to golf ball sized hail while the metro region of Omaha, Nebraska experienced up to baseball sized hail damaging homes, vehicles and businesses. There were also two dozen tornadoes and hundreds of damaging wind reports across these states."
Central and Northeast Severe Weather (June 2024),Severe Storm,20240624,20240626,1209,1209,3,"High wind, hail and tornadoes impact numerous central and northeastern states on June 24-26. Several states were impacted by tornadoes including Nebraska, Iowa, Pennsylvania, Rhode Island and Massachusetts. On June 25, an EF-3 tornado hit Whitman, Nebraska and the surrounding area. It was the first strong tornado to impact Grant County, Nebraska in more than 70 years. On June 26, a tornado that impacted Providence County, Rhode Island was the first June tornado reported in the state since records began in 1950."
New Mexico Wildfires (June 2024),Wildfire,20240617,20240707,1200,1200,2,"Numerous wildfires cause damage to homes, vehicles, businesses, agriculture and other infrastructure in New Mexico during June and July. The most impactful wildfire so far this year is the South Fork Fire that began on June 17 near the town of Ruidoso. It spread rapidly due to strong winds and destroyed over one thousand structures"
Hurricane Beryl (July 2024),Tropical Cyclone,20240708,20240708,6002,6002,37,"Category 1 Hurricane Beryl made landfall in Texas on July 8 producing widespread high wind damage, as the storm was restrengthening at landfall. One significant impact were power outages that impacted millions of people for days. Beryl also produced more than 50 tornadoes across eastern Texas, western Louisiana and southern Arkansas. On July 1, Beryl became the earliest Category 5 hurricane and the second Category 5 on record during the month of July in the Atlantic Ocean."
Central and Eastern Tornado Outbreak and Severe Weather (July 2024),Severe Storm,20240713,20240716,2435,2435,2,"An outbreak producing more than 79 tornadoes developed across many central and eastern states. There were also over 1,000 reports of high wind and hail damage during this multi-day event. On July 15, this outbreak spawned 32 tornadoes and broke the Chicago-area record for the most tornadoes in a day. The states most impacted were Illinois, Indiana, Minnesota, Pennsylvania and New York that experienced considerable damage to homes, businesses, vehicles and other infrastructure."
Hurricane Debby (August 2024),Tropical Cyclone,20240805,20240809,2476,2476,17,"Category 1 Hurricane Debby made landfall on August 5 near Steinhatchee, Florida with 80 mph sustained winds and a second landfall near Bulls Bay, South Carolina as a tropical storm on August 8. Debby produced over 10 inches of rainfall from southwestern Florida up through the coastal sections of Georgia and the Carolinas. Debby continued to track up the East Coast affecting numerous states with heavy rain, flash flood and river flooding and strong winds. A frontal system merged with the remnants of Debby that led to flash flooding in parts of Pennsylvania, New Jersey and southeastern New York. This interaction also produced an EF-1 tornado that impacted Buffalo, New York."
Hurricane Francine (September 2024),Tropical Cyclone,20240911,20240912,1291,1291,0,"Category 2 Hurricane Francine made landfall in Terrebonne Parish, Louisiana on September 11, with 100 mph sustained winds. The storm caused wind and flood damage to homes, vehicles, businesses and other infrastructure across coastal Louisiana. Francine also produced heavy precipitation in parts of Alabama and Georgia. Muscle Shoals, AL recorded a three-day rainfall total of 9.02 inches beginning on September 12, which is its third highest 3-day total on record since 1893."
Hurricane Helene (September 2024),Tropical Cyclone,20240924,20240929,78721,78721,219,"Category 4 Hurricane Helene with 140 mph sustained winds was the strongest hurricane on record to strike the Big Bend region of Florida having made landfall near Perry, Florida on September 26. Helene was the third hurricane to hit the Big Bend region in just over a year. It caused up to 15 feet of storm surge along the Big Bend coast and six feet of surge as far south as St. Petersburg. It also caused billions of dollars in damage to Georgia's agriculture sector. Helene's most severe impacts were from the historic rainfall (up to 30+ inches) and flooding across much of western North Carolina. This flooding eclipsed the region's previous worst flood from 1916. Asheville and many surrounding cities and communities were heavily impacted. Southwestern Virginia and extreme eastern Tennessee were also heavily impacted. Damage came in many forms. Landslides, debris flows, and historic levels of flooding inundated and destroyed homes, businesses, parks, hospitals, the electrical, cellular and water system infrastructure, and damaged thousands of roads, highways and bridges, as examples. Additional information is currently being assembled that summarizes the vast scope of damage produced by Helene. Helene was the deadliest Atlantic hurricane since Maria (2017), and the deadliest to strike the U.S. mainland since Katrina (2005)."
Hurricane Milton (October 2024),Tropical Cyclone,20241009,20241010,34250,34250,32,"Category 3 Hurricane Milton with 120 mph sustained winds made landfall near Siesta Key, Florida on October 9. A storm surge of 5 to 10 feet cased damage from Naples to Charlotte Harbor. Milton's track to the south of Tampa Bay lessened storm surge impacts on the densely populated Tampa metro region. Dozens of tornadoes were also spawn from Milton that damaged many homes, businesses, vehicles and other infrastructure across southern Florida. Milton underwent rapid intensification into a Category 5 hurricane with 180 mph sustained winds and a 897 mb central pressure reading. An environment of enhanced wind shear the day prior to landfall reduced Milton's peak wind potential."
Southern/Eastern/Northwestern Drought and Heat Wave (2024),Drought,20240101,20241231,5417,5311,136,"Drought conditions impacted many Southern, Eastern and Northwestern states. This drought was more transient in its impacts over numerous states throughout the year. The states of Texas, Oklahoma and Kansas had some of the highest losses to crops from the effects of drought and heat. As the drought changed in intensity and duration throughout the year across several regions of the country. Several Northwestern states also had costly impacted to agriculture including Montana, Idaho and Washington. Numerous southern and eastern states from Mississippi through Pennsylvania also experienced crop impacts that were most severe in the Summer months. The drought conditions also strengthen through the Fall and Winter months impacting Maryland, Delaware and New Jersey. It was also one of the hottest years on record for a number of these states, which claimed more than 100 lives from excessive heat exposure."